timestamp,open,high,low,close
2026-04-13 09:30:00,6806.47,6806.47,6794.68,6798.44
2026-04-13 09:35:00,6798.5,6798.5,6790.42,6796.06
2026-04-13 09:40:00,6795.84,6797.34,6792.35,6793.04
2026-04-13 09:45:00,6793.03,6811.7,6790.02,6811.42
2026-04-13 09:50:00,6811.32,6816.54,6803.52,6810.6
2026-04-13 09:55:00,6810.87,6820.13,6807.75,6820.09
2026-04-13 10:00:00,6820.77,6823.15,6812.76,6817.64
2026-04-13 10:05:00,6817.62,6821.1,6815.94,6817.9
2026-04-13 10:10:00,6817.76,6817.78,6812.56,6814.61
2026-04-13 10:15:00,6814.7,6814.73,6809.34,6813.14
2026-04-13 10:20:00,6813.23,6818.5,6808.74,6817.68
2026-04-13 10:25:00,6817.59,6819.25,6815.84,6818.87
2026-04-13 10:30:00,6819.03,6822.98,6818.51,6821.79
2026-04-13 10:35:00,6821.5,6821.5,6816.93,6818.84
2026-04-13 10:40:00,6818.78,6824.27,6818.57,6823.72
2026-04-13 10:45:00,6823.74,6824.61,6819.32,6820.09
2026-04-13 10:50:00,6820.11,6825.9,6819.22,6825.09
2026-04-13 10:55:00,6825.15,6830.41,6823.05,6829.3
2026-04-13 11:00:00,6829.22,6829.22,6821.51,6821.57
2026-04-13 11:05:00,6821.66,6824.27,6820.81,6823.36
2026-04-13 11:10:00,6823.33,6826.77,6822.26,6824.12
2026-04-13 11:15:00,6824.17,6825.8,6820.65,6820.73
2026-04-13 11:20:00,6820.88,6824.58,6820.14,6820.27
2026-04-13 11:25:00,6820.38,6822.1,6818.89,6819.64
2026-04-13 11:30:00,6819.28,6819.37,6816.12,6818.58
2026-04-13 11:35:00,6818.7,6825.77,6817.8,6823.58
2026-04-13 11:40:00,6823.61,6824.52,6818.4,6819.19
2026-04-13 11:45:00,6819.21,6820.04,6817.01,6818.32
2026-04-13 11:50:00,6818.34,6819.03,6817.02,6817.44
2026-04-13 11:55:00,6817.43,6819.98,6817.17,6818.67
2026-04-13 12:00:00,6818.69,6819.51,6814.09,6815.76
2026-04-13 12:05:00,6815.78,6826.8,6814.55,6821.48
2026-04-13 12:10:00,6821.44,6824.25,6820.82,6822.87
2026-04-13 12:15:00,6822.89,6826.28,6821.58,6825.8
2026-04-13 12:20:00,6825.82,6831.23,6825.8,6830.96
2026-04-13 12:25:00,6831.0,6839.38,6830.6,6837.97
2026-04-13 12:30:00,6838.02,6842.57,6835.4,6838.31
2026-04-13 12:35:00,6837.97,6845.76,6837.7,6840.36
2026-04-13 12:40:00,6839.05,6841.24,6831.28,6839.78
2026-04-13 12:45:00,6839.67,6846.54,6839.14,6844.66
2026-04-13 12:50:00,6844.68,6851.79,6844.27,6845.3
2026-04-13 12:55:00,6845.26,6847.82,6843.02,6847.06
2026-04-13 13:00:00,6847.11,6849.26,6846.06,6848.56
2026-04-13 13:05:00,6848.58,6849.24,6844.84,6846.37
2026-04-13 13:10:00,6846.38,6847.31,6845.81,6847.04
2026-04-13 13:15:00,6846.98,6851.3,6846.64,6849.95
2026-04-13 13:20:00,6850.06,6850.06,6847.0,6847.11
2026-04-13 13:25:00,6847.13,6848.96,6846.96,6848.96
2026-04-13 13:30:00,6848.97,6850.63,6847.41,6847.58
2026-04-13 13:35:00,6847.54,6848.23,6845.25,6847.0
2026-04-13 13:40:00,6847.0,6847.69,6845.18,6845.38
2026-04-13 13:45:00,6845.39,6845.55,6844.1,6844.63
2026-04-13 13:50:00,6844.58,6846.01,6842.58,6845.96
2026-04-13 13:55:00,6845.96,6846.95,6845.06,6845.28
2026-04-13 14:00:00,6845.26,6849.23,6845.26,6848.02
2026-04-13 14:05:00,6847.99,6849.31,6847.18,6849.01
2026-04-13 14:10:00,6849.0,6850.03,6848.96,6849.6
2026-04-13 14:15:00,6849.58,6850.12,6848.54,6848.63
2026-04-13 14:20:00,6848.65,6850.01,6847.66,6847.85
2026-04-13 14:25:00,6847.78,6848.13,6846.35,6847.36
2026-04-13 14:30:00,6847.33,6849.07,6846.65,6848.83
2026-04-13 14:35:00,6849.03,6850.54,6848.42,6850.06
2026-04-13 14:40:00,6850.1,6851.95,6849.06,6851.8
2026-04-13 14:45:00,6851.8,6855.39,6851.76,6854.83
2026-04-13 14:50:00,6854.81,6857.85,6854.17,6857.22
2026-04-13 14:55:00,6857.23,6858.37,6856.64,6856.99
2026-04-13 15:00:00,6857.01,6859.5,6856.87,6857.61
2026-04-13 15:05:00,6857.63,6857.75,6855.1,6856.74
2026-04-13 15:10:00,6856.64,6856.79,6854.53,6855.74
2026-04-13 15:15:00,6855.67,6858.9,6855.35,6858.38
2026-04-13 15:20:00,6858.38,6861.64,6858.07,6861.31
2026-04-13 15:25:00,6861.32,6862.11,6861.23,6862.0
2026-04-13 15:30:00,6862.0,6866.32,6860.65,6864.85
2026-04-13 15:35:00,6864.83,6868.58,6864.11,6865.55
2026-04-13 15:40:00,6865.48,6866.06,6863.4,6865.38
2026-04-13 15:45:00,6865.4,6865.4,6861.97,6863.94
2026-04-13 15:50:00,6863.96,6882.65,6863.96,6881.16
2026-04-13 15:55:00,6881.18,6887.0,6881.18,6885.91
2026-04-13 16:00:00,6885.0,6886.24,6885.0,6886.24
2026-04-13 16:05:00,6886.24,6886.24,6886.24,6886.24
2026-04-13 16:10:00,6886.24,6886.24,6886.24,6886.24
2026-04-13 16:15:00,6886.24,6886.24,6886.24,6886.24
2026-04-13 16:20:00,6886.24,6886.24,6886.24,6886.24
2026-04-13 16:40:00,6886.24,6886.24,6886.24,6886.24
2026-04-14 09:30:00,6910.2,6913.1,6905.17,6909.3
2026-04-14 09:35:00,6909.68,6918.74,6909.55,6915.17
2026-04-14 09:40:00,6915.54,6924.56,6915.54,6923.33
2026-04-14 09:45:00,6923.15,6923.28,6919.18,6922.44
2026-04-14 09:50:00,6922.39,6922.91,6919.29,6920.58
2026-04-14 09:55:00,6920.59,6921.52,6918.36,6919.25
2026-04-14 10:00:00,6919.08,6921.97,6918.81,6920.2
2026-04-14 10:05:00,6920.06,6927.97,6920.06,6927.88
2026-04-14 10:10:00,6927.84,6933.42,6926.02,6933.24
2026-04-14 10:15:00,6933.24,6934.89,6930.52,6930.95
2026-04-14 10:20:00,6931.0,6934.86,6930.86,6932.1
2026-04-14 10:25:00,6932.33,6934.66,6930.31,6934.19
2026-04-14 10:30:00,6934.28,6934.51,6932.63,6933.25
2026-04-14 10:35:00,6933.11,6937.89,6932.37,6932.56
2026-04-14 10:40:00,6932.4,6933.88,6930.43,6932.68
2026-04-14 10:45:00,6932.76,6938.41,6932.6,6937.51
2026-04-14 10:50:00,6937.56,6940.9,6935.3,6940.77
2026-04-14 10:55:00,6940.85,6940.97,6938.95,6940.23
2026-04-14 11:00:00,6940.05,6940.12,6937.05,6937.05
2026-04-14 11:05:00,6936.93,6937.09,6933.24,6933.68
2026-04-14 11:10:00,6933.7,6935.69,6933.28,6934.03
2026-04-14 11:15:00,6934.11,6940.15,6933.72,6939.81
2026-04-14 11:20:00,6940.05,6944.14,6939.42,6943.59
2026-04-14 11:25:00,6943.55,6948.55,6943.53,6946.46
2026-04-14 11:30:00,6946.5,6950.58,6946.34,6949.23
2026-04-14 11:35:00,6949.22,6952.35,6949.2,6951.67
2026-04-14 11:40:00,6951.58,6954.52,6949.73,6952.62
2026-04-14 11:45:00,6952.6,6955.51,6952.56,6954.13
2026-04-14 11:50:00,6954.0,6957.49,6953.94,6957.25
2026-04-14 11:55:00,6956.85,6956.85,6952.7,6952.95
2026-04-14 12:00:00,6953.02,6956.17,6952.28,6955.55
2026-04-14 12:05:00,6955.52,6956.13,6953.73,6954.97
2026-04-14 12:10:00,6954.93,6955.94,6953.59,6954.58
2026-04-14 12:15:00,6954.57,6956.74,6954.06,6956.74
2026-04-14 12:20:00,6956.73,6959.27,6956.17,6959.11
2026-04-14 12:25:00,6959.24,6961.51,6958.85,6960.3
2026-04-14 12:30:00,6960.32,6961.72,6957.38,6957.51
2026-04-14 12:35:00,6957.61,6959.03,6956.43,6958.45
2026-04-14 12:40:00,6958.47,6959.79,6957.67,6959.24
2026-04-14 12:45:00,6959.41,6960.86,6958.63,6960.71
2026-04-14 12:50:00,6960.73,6961.06,6955.71,6955.9
2026-04-14 12:55:00,6955.85,6956.16,6952.33,6953.62
2026-04-14 13:00:00,6953.59,6957.11,6953.58,6956.06
2026-04-14 13:05:00,6955.99,6957.79,6955.35,6955.79
2026-04-14 13:10:00,6955.84,6957.62,6955.82,6957.15
2026-04-14 13:15:00,6957.13,6961.46,6956.73,6961.36
2026-04-14 13:20:00,6961.44,6964.14,6961.26,6963.38
2026-04-14 13:25:00,6963.42,6963.48,6960.74,6961.48
2026-04-14 13:30:00,6961.48,6964.65,6961.45,6964.45
2026-04-14 13:35:00,6964.4,6964.95,6963.11,6963.87
2026-04-14 13:40:00,6963.95,6965.23,6963.19,6964.76
2026-04-14 13:45:00,6964.73,6964.9,6963.75,6964.24
2026-04-14 13:50:00,6964.28,6964.77,6960.53,6961.45
2026-04-14 13:55:00,6961.23,6961.97,6960.0,6961.5
2026-04-14 14:00:00,6961.45,6963.09,6961.3,6962.34
2026-04-14 14:05:00,6962.22,6962.93,6961.17,6962.8
2026-04-14 14:10:00,6962.74,6962.74,6959.49,6959.89
2026-04-14 14:15:00,6959.87,6960.1,6952.03,6953.66
2026-04-14 14:20:00,6953.73,6954.93,6946.63,6946.9
2026-04-14 14:25:00,6947.12,6952.08,6945.81,6949.94
2026-04-14 14:30:00,6949.94,6952.4,6949.6,6950.84
2026-04-14 14:35:00,6950.91,6954.04,6950.91,6954.02
2026-04-14 14:40:00,6954.08,6955.58,6949.48,6949.88
2026-04-14 14:45:00,6949.9,6951.57,6947.51,6948.51
2026-04-14 14:50:00,6948.49,6951.2,6947.83,6950.39
2026-04-14 14:55:00,6950.37,6951.64,6949.7,6951.56
2026-04-14 15:00:00,6951.55,6956.29,6950.93,6956.1
2026-04-14 15:05:00,6956.05,6958.29,6955.96,6957.87
2026-04-14 15:10:00,6957.9,6961.55,6957.44,6959.45
2026-04-14 15:15:00,6959.4,6962.2,6959.34,6960.88
2026-04-14 15:20:00,6960.82,6964.86,6960.64,6964.65
2026-04-14 15:25:00,6964.72,6966.87,6964.72,6966.66
2026-04-14 15:30:00,6966.48,6969.42,6963.88,6964.1
2026-04-14 15:35:00,6964.08,6967.37,6961.34,6967.02
2026-04-14 15:40:00,6967.06,6967.3,6962.32,6964.28
2026-04-14 15:45:00,6964.36,6965.4,6962.51,6964.59
2026-04-14 15:50:00,6964.55,6967.36,6958.99,6959.2
2026-04-14 15:55:00,6959.13,6967.97,6959.13,6966.78
2026-04-14 16:00:00,6967.63,6967.8,6967.37,6967.38
2026-04-14 16:05:00,6967.38,6967.38,6967.38,6967.38
2026-04-14 16:10:00,6967.38,6967.38,6967.38,6967.38
2026-04-14 16:15:00,6967.38,6967.38,6967.38,6967.38
2026-04-14 16:20:00,6967.38,6967.38,6967.38,6967.38
2026-04-14 16:40:00,6967.38,6967.38,6967.38,6967.38
2026-04-15 09:30:00,6978.17,6983.28,6975.99,6982.55
2026-04-15 09:35:00,6982.35,6988.12,6979.87,6988.12
2026-04-15 09:40:00,6987.79,6988.22,6967.13,6967.13
2026-04-15 09:45:00,6967.44,6976.48,6967.44,6974.89
2026-04-15 09:50:00,6974.82,6975.93,6969.83,6974.08
2026-04-15 09:55:00,6973.96,6981.21,6973.73,6980.77
2026-04-15 10:00:00,6981.46,6981.72,6975.35,6976.59
2026-04-15 10:05:00,6976.59,6979.48,6973.57,6978.72
2026-04-15 10:10:00,6978.73,6983.16,6977.16,6983.13
2026-04-15 10:15:00,6983.21,6987.59,6982.02,6982.48
2026-04-15 10:20:00,6982.48,6991.95,6982.48,6990.68
2026-04-15 10:25:00,6990.59,6992.88,6990.01,6992.79
2026-04-15 10:30:00,6992.85,6994.7,6988.72,6989.12
2026-04-15 10:35:00,6989.09,6991.44,6983.38,6983.53
2026-04-15 10:40:00,6983.69,6992.02,6983.69,6991.36
2026-04-15 10:45:00,6991.42,6994.4,6990.4,6994.18
2026-04-15 10:50:00,6994.2,6995.26,6990.69,6990.91
2026-04-15 10:55:00,6990.94,6993.74,6990.47,6991.72
2026-04-15 11:00:00,6991.63,6993.55,6989.81,6992.91
2026-04-15 11:05:00,6992.97,6993.97,6988.61,6991.02
2026-04-15 11:10:00,6990.85,6997.14,6990.51,6996.72
2026-04-15 11:15:00,6996.86,6998.26,6995.97,6997.69
2026-04-15 11:20:00,6997.79,6999.27,6996.54,6997.58
2026-04-15 11:25:00,6997.8,6999.84,6997.05,6998.12
2026-04-15 11:30:00,6997.95,6997.95,6992.62,6993.01
2026-04-15 11:35:00,6992.97,6995.69,6992.54,6994.97
2026-04-15 11:40:00,6995.0,6999.46,6995.0,6998.42
2026-04-15 11:45:00,6998.29,6999.5,6997.42,6998.29
2026-04-15 11:50:00,6998.29,6998.9,6996.0,6996.11
2026-04-15 11:55:00,6996.14,6996.37,6992.77,6994.96
2026-04-15 12:00:00,6993.58,6995.07,6992.22,6994.73
2026-04-15 12:05:00,6994.68,6998.26,6993.24,6998.15
2026-04-15 12:10:00,6998.12,6998.21,6996.27,6997.91
2026-04-15 12:15:00,6997.85,6999.76,6996.32,6999.71
2026-04-15 12:20:00,6999.67,7001.92,6999.67,7001.52
2026-04-15 12:25:00,7001.47,7001.47,6997.31,6997.31
2026-04-15 12:30:00,6997.33,6997.67,6994.52,6996.12
2026-04-15 12:35:00,6996.03,6998.73,6995.71,6995.76
2026-04-15 12:40:00,6995.47,6995.52,6986.57,6986.58
2026-04-15 12:45:00,6986.7,6989.94,6983.33,6989.94
2026-04-15 12:50:00,6990.17,6991.43,6983.26,6984.42
2026-04-15 12:55:00,6984.56,6989.25,6979.96,6988.83
2026-04-15 13:00:00,6988.86,6993.72,6987.75,6993.51
2026-04-15 13:05:00,6993.69,6997.86,6993.28,6995.52
2026-04-15 13:10:00,6995.68,6996.47,6994.11,6995.37
2026-04-15 13:15:00,6995.33,6998.25,6995.14,6996.81
2026-04-15 13:20:00,6996.79,6997.22,6994.58,6996.53
2026-04-15 13:25:00,6996.49,6999.52,6996.34,6998.16
2026-04-15 13:30:00,6997.91,7001.67,6997.67,7001.55
2026-04-15 13:35:00,7001.52,7003.82,7000.13,7000.32
2026-04-15 13:40:00,7000.33,7000.33,6996.62,6997.89
2026-04-15 13:45:00,6997.91,7000.66,6997.91,6999.57
2026-04-15 13:50:00,6999.51,7002.41,6999.36,7001.19
2026-04-15 13:55:00,7001.25,7002.06,6997.88,6998.22
2026-04-15 14:00:00,6998.24,7008.45,6995.72,7003.43
2026-04-15 14:05:00,7003.38,7005.93,7003.1,7004.87
2026-04-15 14:10:00,7004.94,7008.32,7002.92,7007.38
2026-04-15 14:15:00,7007.34,7009.86,7006.63,7007.45
2026-04-15 14:20:00,7007.39,7008.81,7005.37,7008.64
2026-04-15 14:25:00,7008.62,7009.5,7006.88,7008.51
2026-04-15 14:30:00,7008.51,7013.81,7008.51,7013.77
2026-04-15 14:35:00,7013.89,7015.51,7011.7,7013.39
2026-04-15 14:40:00,7013.46,7013.66,7009.88,7012.43
2026-04-15 14:45:00,7012.45,7016.27,7012.45,7016.27
2026-04-15 14:50:00,7016.26,7019.1,7016.26,7018.85
2026-04-15 14:55:00,7018.84,7021.66,7018.07,7020.39
2026-04-15 15:00:00,7020.24,7020.94,7017.58,7020.91
2026-04-15 15:05:00,7020.91,7022.97,7020.91,7022.36
2026-04-15 15:10:00,7022.35,7023.36,7018.18,7018.69
2026-04-15 15:15:00,7018.46,7020.03,7017.67,7019.99
2026-04-15 15:20:00,7020.05,7022.88,7019.37,7021.94
2026-04-15 15:25:00,7021.96,7024.29,7021.11,7024.21
2026-04-15 15:30:00,7024.14,7024.14,7021.65,7023.81
2026-04-15 15:35:00,7023.87,7025.1,7019.32,7019.37
2026-04-15 15:40:00,7019.3,7020.4,7016.49,7018.79
2026-04-15 15:45:00,7018.84,7021.47,7017.11,7019.02
2026-04-15 15:50:00,7019.0,7024.29,7018.71,7022.52
2026-04-15 15:55:00,7022.44,7026.24,7022.1,7022.1
2026-04-15 16:00:00,7022.57,7022.96,7022.57,7022.95
2026-04-15 16:05:00,7022.95,7022.95,7022.95,7022.95
2026-04-15 16:10:00,7022.95,7022.95,7022.95,7022.95
2026-04-15 16:15:00,7022.95,7022.95,7022.95,7022.95
2026-04-15 16:20:00,7022.95,7022.95,7022.95,7022.95
2026-04-15 16:40:00,7022.95,7022.95,7022.95,7022.95
2026-04-16 09:30:00,7037.78,7040.03,7029.84,7035.37
2026-04-16 09:35:00,7035.54,7036.36,7029.55,7029.85
2026-04-16 09:40:00,7030.11,7034.71,7025.28,7032.94
2026-04-16 09:45:00,7033.0,7033.18,7027.85,7030.19
2026-04-16 09:50:00,7030.23,7030.23,7010.05,7010.05
2026-04-16 09:55:00,7010.18,7018.56,7008.52,7018.56
2026-04-16 10:00:00,7017.16,7018.79,7010.3,7017.94
2026-04-16 10:05:00,7018.04,7022.59,7016.27,7020.33
2026-04-16 10:10:00,7020.31,7025.66,7020.0,7020.56
2026-04-16 10:15:00,7020.59,7022.48,7012.81,7013.23
2026-04-16 10:20:00,7013.4,7015.3,7010.52,7014.15
2026-04-16 10:25:00,7014.01,7017.08,7012.28,7015.55
2026-04-16 10:30:00,7015.49,7017.93,7013.71,7017.51
2026-04-16 10:35:00,7017.49,7017.74,7014.46,7014.62
2026-04-16 10:40:00,7014.57,7019.07,7012.84,7019.07
2026-04-16 10:45:00,7018.96,7023.28,7018.1,7023.13
2026-04-16 10:50:00,7023.25,7025.84,7022.22,7024.85
2026-04-16 10:55:00,7024.8,7025.26,7020.22,7024.02
2026-04-16 11:00:00,7023.94,7029.86,7023.94,7029.21
2026-04-16 11:05:00,7029.1,7035.13,7027.25,7034.26
2026-04-16 11:10:00,7034.22,7038.56,7034.22,7038.19
2026-04-16 11:15:00,7038.2,7043.66,7037.57,7037.75
2026-04-16 11:20:00,7037.82,7042.14,7037.82,7040.45
2026-04-16 11:25:00,7040.47,7041.5,7032.92,7033.21
2026-04-16 11:30:00,7032.1,7035.18,7031.02,7034.95
2026-04-16 11:35:00,7035.01,7046.7,7035.01,7041.21
2026-04-16 11:40:00,7041.17,7041.4,7034.25,7037.66
2026-04-16 11:45:00,7037.67,7039.39,7034.29,7035.59
2026-04-16 11:50:00,7035.72,7041.85,7035.58,7040.79
2026-04-16 11:55:00,7041.05,7046.86,7041.0,7046.6
2026-04-16 12:00:00,7046.58,7048.79,7046.09,7048.32
2026-04-16 12:05:00,7048.35,7048.87,7045.09,7046.98
2026-04-16 12:10:00,7047.0,7049.14,7046.7,7048.58
2026-04-16 12:15:00,7048.57,7051.23,7048.55,7050.81
2026-04-16 12:20:00,7050.77,7051.05,7043.79,7045.58
2026-04-16 12:25:00,7045.5,7046.64,7043.38,7043.63
2026-04-16 12:30:00,7043.69,7044.15,7026.51,7033.29
2026-04-16 12:35:00,7033.42,7040.24,7032.34,7040.15
2026-04-16 12:40:00,7040.13,7041.8,7035.37,7037.51
2026-04-16 12:45:00,7037.58,7040.16,7037.35,7038.09
2026-04-16 12:50:00,7038.19,7039.67,7031.97,7032.42
2026-04-16 12:55:00,7032.47,7035.03,7031.05,7031.28
2026-04-16 13:00:00,7031.48,7032.05,7028.64,7029.54
2026-04-16 13:05:00,7029.64,7030.16,7025.15,7029.58
2026-04-16 13:10:00,7029.49,7030.99,7024.25,7024.28
2026-04-16 13:15:00,7024.25,7025.67,7022.39,7024.89
2026-04-16 13:20:00,7025.0,7030.85,7023.44,7030.77
2026-04-16 13:25:00,7030.75,7032.76,7029.67,7030.75
2026-04-16 13:30:00,7030.77,7034.89,7030.44,7031.75
2026-04-16 13:35:00,7031.83,7033.58,7029.74,7033.27
2026-04-16 13:40:00,7033.21,7038.29,7033.21,7037.75
2026-04-16 13:45:00,7037.72,7038.64,7035.61,7038.44
2026-04-16 13:50:00,7038.39,7038.39,7034.92,7035.12
2026-04-16 13:55:00,7035.15,7035.15,7025.26,7029.89
2026-04-16 14:00:00,7029.81,7034.26,7028.33,7030.23
2026-04-16 14:05:00,7030.22,7031.69,7023.24,7025.19
2026-04-16 14:10:00,7025.25,7029.29,7023.0,7028.67
2026-04-16 14:15:00,7028.71,7030.25,7026.6,7027.44
2026-04-16 14:20:00,7027.47,7029.61,7021.72,7021.95
2026-04-16 14:25:00,7022.22,7023.6,7018.26,7020.94
2026-04-16 14:30:00,7020.99,7029.29,7020.99,7028.21
2026-04-16 14:35:00,7028.24,7031.53,7027.42,7029.87
2026-04-16 14:40:00,7029.95,7032.59,7029.83,7031.52
2026-04-16 14:45:00,7031.5,7033.57,7030.58,7031.23
2026-04-16 14:50:00,7031.23,7031.25,7028.89,7029.58
2026-04-16 14:55:00,7029.6,7030.64,7027.57,7030.64
2026-04-16 15:00:00,7030.61,7035.11,7030.61,7033.61
2026-04-16 15:05:00,7033.64,7034.22,7030.7,7031.87
2026-04-16 15:10:00,7031.81,7033.15,7029.86,7031.21
2026-04-16 15:15:00,7031.26,7035.32,7031.26,7034.28
2026-04-16 15:20:00,7034.33,7034.94,7032.55,7033.89
2026-04-16 15:25:00,7033.87,7034.58,7032.7,7032.74
2026-04-16 15:30:00,7032.67,7035.83,7032.04,7034.95
2026-04-16 15:35:00,7034.95,7037.62,7034.09,7037.57
2026-04-16 15:40:00,7037.53,7039.46,7036.66,7036.68
2026-04-16 15:45:00,7036.58,7039.8,7035.2,7039.68
2026-04-16 15:50:00,7039.81,7042.84,7037.26,7039.89
2026-04-16 15:55:00,7039.96,7042.6,7038.82,7039.37
2026-04-16 16:00:00,7040.09,7041.28,7040.09,7041.28
2026-04-16 16:05:00,7041.28,7041.28,7041.28,7041.28
2026-04-16 16:10:00,7041.28,7041.28,7041.28,7041.28
2026-04-16 16:15:00,7041.28,7041.28,7041.28,7041.28
2026-04-16 16:20:00,7041.28,7041.28,7041.28,7041.28
2026-04-16 16:45:00,7041.28,7041.28,7041.28,7041.28
2026-04-17 09:30:00,7074.55,7095.73,7074.55,7093.65
2026-04-17 09:35:00,7093.79,7100.12,7093.36,7095.21
2026-04-17 09:40:00,7095.15,7096.71,7091.07,7095.62
2026-04-17 09:45:00,7095.82,7099.14,7082.7,7094.79
2026-04-17 09:50:00,7094.95,7102.61,7094.05,7101.39
2026-04-17 09:55:00,7101.44,7108.32,7099.44,7108.19
2026-04-17 10:00:00,7108.24,7113.04,7105.96,7112.21
2026-04-17 10:05:00,7112.35,7115.48,7111.58,7115.22
2026-04-17 10:10:00,7115.2,7117.82,7111.77,7115.59
2026-04-17 10:15:00,7115.92,7117.17,7113.05,7114.71
2026-04-17 10:20:00,7114.14,7117.17,7109.68,7116.31
2026-04-17 10:25:00,7116.28,7118.04,7113.91,7116.27
2026-04-17 10:30:00,7116.59,7126.19,7116.59,7125.38
2026-04-17 10:35:00,7125.35,7127.16,7120.86,7127.16
2026-04-17 10:40:00,7127.06,7134.07,7127.06,7132.97
2026-04-17 10:45:00,7133.04,7136.86,7132.25,7136.56
2026-04-17 10:50:00,7136.35,7136.88,7132.64,7133.25
2026-04-17 10:55:00,7133.33,7133.33,7126.36,7129.14
2026-04-17 11:00:00,7129.16,7134.23,7126.58,7130.91
2026-04-17 11:05:00,7130.98,7135.41,7130.48,7133.16
2026-04-17 11:10:00,7133.13,7134.15,7125.43,7126.29
2026-04-17 11:15:00,7126.27,7131.34,7123.49,7125.92
2026-04-17 11:20:00,7125.88,7129.95,7123.49,7128.7
2026-04-17 11:25:00,7128.8,7130.93,7127.4,7130.01
2026-04-17 11:30:00,7130.0,7136.44,7129.79,7136.29
2026-04-17 11:35:00,7136.41,7137.32,7133.51,7136.61
2026-04-17 11:40:00,7136.7,7136.95,7128.03,7128.11
2026-04-17 11:45:00,7128.1,7134.62,7128.1,7132.36
2026-04-17 11:50:00,7132.33,7137.23,7132.03,7134.85
2026-04-17 11:55:00,7134.78,7136.14,7130.81,7131.11
2026-04-17 12:00:00,7131.01,7138.12,7129.21,7137.0
2026-04-17 12:05:00,7136.73,7140.1,7135.73,7135.91
2026-04-17 12:10:00,7135.85,7139.83,7135.28,7137.78
2026-04-17 12:15:00,7137.69,7138.94,7133.44,7136.53
2026-04-17 12:20:00,7136.54,7139.07,7135.58,7138.77
2026-04-17 12:25:00,7138.75,7139.41,7137.51,7138.9
2026-04-17 12:30:00,7138.89,7143.59,7138.89,7142.74
2026-04-17 12:35:00,7142.79,7145.28,7142.63,7144.36
2026-04-17 12:40:00,7144.39,7145.81,7142.65,7145.81
2026-04-17 12:45:00,7145.74,7147.52,7145.44,7146.02
2026-04-17 12:50:00,7145.99,7147.08,7144.67,7145.12
2026-04-17 12:55:00,7145.06,7145.25,7142.75,7143.27
2026-04-17 13:00:00,7143.26,7145.55,7142.82,7145.01
2026-04-17 13:05:00,7145.09,7145.09,7132.36,7137.32
2026-04-17 13:10:00,7137.66,7138.04,7133.58,7136.29
2026-04-17 13:15:00,7136.27,7137.46,7132.67,7133.19
2026-04-17 13:20:00,7133.02,7133.83,7116.01,7119.99
2026-04-17 13:25:00,7119.88,7124.61,7116.54,7122.86
2026-04-17 13:30:00,7122.77,7126.05,7120.78,7122.16
2026-04-17 13:35:00,7122.1,7127.05,7120.07,7123.97
2026-04-17 13:40:00,7124.05,7125.1,7121.87,7123.14
2026-04-17 13:45:00,7123.08,7130.54,7122.94,7128.44
2026-04-17 13:50:00,7128.37,7130.29,7127.64,7129.26
2026-04-17 13:55:00,7129.39,7130.44,7126.62,7126.85
2026-04-17 14:00:00,7126.83,7128.38,7123.41,7124.14
2026-04-17 14:05:00,7124.07,7124.46,7119.15,7119.52
2026-04-17 14:10:00,7119.49,7121.64,7117.42,7118.14
2026-04-17 14:15:00,7117.96,7122.01,7117.9,7119.79
2026-04-17 14:20:00,7120.12,7122.41,7115.43,7121.87
2026-04-17 14:25:00,7121.75,7126.45,7120.89,7122.07
2026-04-17 14:30:00,7121.99,7127.41,7121.99,7126.81
2026-04-17 14:35:00,7126.88,7127.46,7124.61,7125.24
2026-04-17 14:40:00,7125.22,7125.97,7121.8,7124.98
2026-04-17 14:45:00,7124.97,7125.66,7122.81,7123.08
2026-04-17 14:50:00,7123.12,7123.18,7117.38,7118.87
2026-04-17 14:55:00,7118.97,7123.32,7118.67,7120.58
2026-04-17 15:00:00,7120.6,7122.58,7119.81,7120.3
2026-04-17 15:05:00,7120.38,7120.38,7117.2,7118.41
2026-04-17 15:10:00,7118.4,7118.7,7114.04,7115.41
2026-04-17 15:15:00,7115.4,7119.71,7115.07,7118.1
2026-04-17 15:20:00,7118.24,7119.34,7115.89,7117.49
2026-04-17 15:25:00,7117.47,7119.17,7116.17,7116.59
2026-04-17 15:30:00,7116.51,7122.75,7116.51,7121.79
2026-04-17 15:35:00,7121.69,7125.01,7119.81,7123.93
2026-04-17 15:40:00,7123.98,7127.32,7122.38,7126.73
2026-04-17 15:45:00,7126.69,7126.69,7121.3,7122.34
2026-04-17 15:50:00,7122.41,7125.97,7120.87,7125.76
2026-04-17 15:55:00,7125.77,7128.01,7122.5,7125.12
2026-04-17 16:00:00,7125.56,7126.07,7125.56,7126.06
2026-04-17 16:05:00,7126.06,7126.06,7126.06,7126.06
2026-04-17 16:10:00,7126.06,7126.06,7126.06,7126.06
2026-04-17 16:15:00,7126.06,7126.06,7126.06,7126.06
2026-04-17 16:20:00,7126.06,7126.06,7126.06,7126.06
2026-04-17 16:35:00,7126.06,7126.06,7126.06,7126.06
2026-04-20 09:30:00,7117.05,7120.67,7106.3,7115.42
2026-04-20 09:35:00,7115.54,7117.89,7107.54,7108.79
2026-04-20 09:40:00,7109.27,7113.23,7105.65,7111.34
2026-04-20 09:45:00,7111.45,7115.7,7108.19,7109.5
2026-04-20 09:50:00,7109.57,7117.81,7108.98,7117.71
2026-04-20 09:55:00,7117.62,7122.65,7117.0,7121.56
2026-04-20 10:00:00,7121.55,7121.87,7114.94,7115.73
2026-04-20 10:05:00,7116.42,7120.02,7113.99,7117.81
2026-04-20 10:10:00,7117.88,7119.96,7110.97,7116.19
2026-04-20 10:15:00,7116.26,7116.26,7111.4,7114.75
2026-04-20 10:20:00,7114.5,7119.37,7113.46,7118.98
2026-04-20 10:25:00,7119.04,7120.86,7112.24,7112.83
2026-04-20 10:30:00,7112.92,7113.54,7107.48,7109.69
2026-04-20 10:35:00,7109.65,7111.04,7106.64,7109.12
2026-04-20 10:40:00,7109.27,7109.44,7102.58,7104.81
2026-04-20 10:45:00,7104.72,7110.84,7102.61,7110.11
2026-04-20 10:50:00,7110.13,7110.89,7089.67,7100.84
2026-04-20 10:55:00,7101.1,7101.1,7092.82,7095.06
2026-04-20 11:00:00,7095.0,7099.38,7088.13,7090.12
2026-04-20 11:05:00,7089.96,7092.28,7084.41,7088.75
2026-04-20 11:10:00,7088.65,7094.4,7086.79,7090.64
2026-04-20 11:15:00,7090.79,7094.33,7088.17,7093.45
2026-04-20 11:20:00,7093.42,7103.94,7091.93,7100.48
2026-04-20 11:25:00,7100.36,7107.37,7099.76,7107.37
2026-04-20 11:30:00,7106.96,7106.96,7098.4,7099.39
2026-04-20 11:35:00,7099.49,7100.58,7096.65,7100.39
2026-04-20 11:40:00,7100.36,7103.88,7098.28,7099.11
2026-04-20 11:45:00,7099.3,7102.06,7097.1,7099.21
2026-04-20 11:50:00,7099.09,7099.09,7095.18,7098.73
2026-04-20 11:55:00,7098.84,7101.17,7098.84,7099.72
2026-04-20 12:00:00,7099.68,7100.55,7094.6,7095.4
2026-04-20 12:05:00,7095.35,7099.59,7094.94,7098.28
2026-04-20 12:10:00,7098.34,7101.16,7098.34,7099.83
2026-04-20 12:15:00,7099.87,7100.16,7094.14,7099.49
2026-04-20 12:20:00,7099.45,7101.84,7098.14,7100.22
2026-04-20 12:25:00,7100.15,7101.65,7099.47,7100.43
2026-04-20 12:30:00,7100.39,7104.59,7100.39,7103.62
2026-04-20 12:35:00,7103.5,7103.69,7097.89,7099.22
2026-04-20 12:40:00,7099.19,7103.46,7098.06,7101.13
2026-04-20 12:45:00,7101.15,7102.38,7100.14,7100.88
2026-04-20 12:50:00,7100.86,7101.65,7098.91,7101.04
2026-04-20 12:55:00,7101.11,7101.11,7098.38,7100.24
2026-04-20 13:00:00,7100.1,7101.64,7096.88,7098.75
2026-04-20 13:05:00,7098.69,7101.92,7098.03,7101.8
2026-04-20 13:10:00,7101.78,7104.54,7101.04,7104.2
2026-04-20 13:15:00,7104.21,7107.01,7103.44,7106.42
2026-04-20 13:20:00,7106.34,7107.8,7104.28,7106.4
2026-04-20 13:25:00,7106.37,7106.73,7103.29,7103.29
2026-04-20 13:30:00,7103.33,7103.52,7100.05,7100.59
2026-04-20 13:35:00,7100.65,7103.18,7100.11,7102.83
2026-04-20 13:40:00,7102.79,7105.63,7100.46,7103.07
2026-04-20 13:45:00,7103.08,7104.06,7102.57,7103.72
2026-04-20 13:50:00,7103.71,7104.17,7102.45,7104.08
2026-04-20 13:55:00,7104.03,7104.18,7100.7,7101.02
2026-04-20 14:00:00,7101.06,7101.53,7099.35,7101.19
2026-04-20 14:05:00,7101.15,7106.0,7101.15,7105.46
2026-04-20 14:10:00,7105.51,7106.02,7100.15,7105.88
2026-04-20 14:15:00,7105.88,7108.3,7105.08,7108.11
2026-04-20 14:20:00,7108.07,7109.99,7107.11,7109.99
2026-04-20 14:25:00,7109.94,7109.94,7105.61,7107.21
2026-04-20 14:30:00,7107.24,7108.17,7104.0,7107.06
2026-04-20 14:35:00,7107.03,7107.57,7103.29,7103.29
2026-04-20 14:40:00,7103.32,7106.77,7102.73,7105.46
2026-04-20 14:45:00,7105.44,7107.45,7104.71,7107.27
2026-04-20 14:50:00,7107.23,7109.79,7107.23,7109.77
2026-04-20 14:55:00,7109.77,7109.96,7106.05,7106.61
2026-04-20 15:00:00,7106.62,7108.2,7105.88,7106.42
2026-04-20 15:05:00,7106.41,7109.18,7106.27,7107.95
2026-04-20 15:10:00,7107.91,7108.67,7106.83,7108.47
2026-04-20 15:15:00,7108.21,7108.55,7106.37,7106.82
2026-04-20 15:20:00,7106.87,7107.29,7105.03,7105.25
2026-04-20 15:25:00,7105.25,7105.67,7103.68,7104.28
2026-04-20 15:30:00,7104.31,7105.44,7101.97,7102.05
2026-04-20 15:35:00,7102.0,7103.82,7101.27,7103.05
2026-04-20 15:40:00,7103.01,7103.83,7100.05,7100.49
2026-04-20 15:45:00,7100.44,7102.64,7099.73,7102.64
2026-04-20 15:50:00,7102.71,7105.77,7100.99,7103.79
2026-04-20 15:55:00,7103.78,7110.38,7101.46,7110.38
2026-04-20 16:00:00,7109.61,7109.71,7109.13,7109.14
2026-04-20 16:05:00,7109.14,7109.14,7109.14,7109.14
2026-04-20 16:10:00,7109.14,7109.14,7109.14,7109.14
2026-04-20 16:15:00,7109.14,7109.14,7109.14,7109.14
2026-04-20 16:20:00,7109.14,7109.14,7109.14,7109.14
2026-04-20 16:35:00,7109.14,7109.14,7109.14,7109.14
2026-04-21 09:30:00,7122.64,7129.29,7114.76,7117.72
2026-04-21 09:35:00,7117.85,7118.0,7111.05,7113.89
2026-04-21 09:40:00,7113.54,7120.36,7113.32,7120.36
2026-04-21 09:45:00,7120.4,7129.04,7117.73,7126.15
2026-04-21 09:50:00,7126.34,7132.56,7125.42,7130.91
2026-04-21 09:55:00,7130.95,7133.3,7130.34,7131.64
2026-04-21 10:00:00,7131.3,7134.03,7129.34,7130.95
2026-04-21 10:05:00,7130.88,7136.28,7130.15,7135.39
2026-04-21 10:10:00,7135.19,7135.87,7131.31,7134.21
2026-04-21 10:15:00,7134.26,7137.27,7132.24,7132.78
2026-04-21 10:20:00,7132.53,7132.59,7125.69,7126.72
2026-04-21 10:25:00,7126.75,7130.3,7126.64,7129.41
2026-04-21 10:30:00,7129.42,7131.45,7124.42,7126.14
2026-04-21 10:35:00,7126.19,7126.76,7122.97,7123.35
2026-04-21 10:40:00,7123.38,7128.69,7121.74,7123.26
2026-04-21 10:45:00,7123.27,7123.52,7113.47,7115.09
2026-04-21 10:50:00,7115.14,7116.3,7110.91,7114.04
2026-04-21 10:55:00,7114.1,7114.1,7098.31,7099.04
2026-04-21 11:00:00,7098.86,7101.69,7086.51,7090.57
2026-04-21 11:05:00,7090.56,7101.64,7085.38,7101.09
2026-04-21 11:10:00,7101.15,7104.12,7101.05,7102.86
2026-04-21 11:15:00,7102.81,7105.22,7097.13,7101.99
2026-04-21 11:20:00,7101.98,7103.3,7095.68,7096.15
2026-04-21 11:25:00,7096.25,7096.25,7087.19,7090.35
2026-04-21 11:30:00,7090.35,7097.38,7090.13,7093.23
2026-04-21 11:35:00,7093.15,7093.26,7084.3,7089.66
2026-04-21 11:40:00,7090.45,7094.87,7088.47,7093.45
2026-04-21 11:45:00,7093.48,7097.55,7090.86,7094.41
2026-04-21 11:50:00,7094.48,7094.48,7088.54,7088.68
2026-04-21 11:55:00,7089.07,7093.49,7088.87,7091.05
2026-04-21 12:00:00,7090.96,7101.45,7090.96,7096.07
2026-04-21 12:05:00,7095.7,7098.25,7093.64,7097.82
2026-04-21 12:10:00,7097.74,7097.77,7090.13,7092.45
2026-04-21 12:15:00,7092.52,7095.58,7091.75,7094.43
2026-04-21 12:20:00,7094.27,7094.35,7088.28,7089.27
2026-04-21 12:25:00,7089.35,7089.82,7086.58,7087.11
2026-04-21 12:30:00,7087.13,7092.95,7086.78,7092.94
2026-04-21 12:35:00,7092.96,7094.92,7086.77,7088.68
2026-04-21 12:40:00,7088.6,7089.69,7081.03,7082.3
2026-04-21 12:45:00,7082.37,7089.88,7082.37,7089.84
2026-04-21 12:50:00,7089.7,7090.06,7084.57,7084.83
2026-04-21 12:55:00,7085.11,7085.26,7079.44,7079.94
2026-04-21 13:00:00,7079.82,7086.87,7079.77,7083.85
2026-04-21 13:05:00,7083.89,7083.89,7072.16,7078.9
2026-04-21 13:10:00,7079.04,7079.04,7067.47,7070.73
2026-04-21 13:15:00,7070.71,7072.58,7063.47,7063.79
2026-04-21 13:20:00,7064.02,7069.09,7062.09,7067.87
2026-04-21 13:25:00,7067.77,7072.89,7067.68,7069.78
2026-04-21 13:30:00,7069.73,7077.01,7069.57,7075.74
2026-04-21 13:35:00,7075.62,7090.74,7073.47,7086.74
2026-04-21 13:40:00,7086.83,7095.79,7086.07,7089.24
2026-04-21 13:45:00,7089.13,7089.17,7082.19,7085.35
2026-04-21 13:50:00,7085.22,7087.68,7080.58,7081.6
2026-04-21 13:55:00,7081.62,7081.67,7077.09,7081.55
2026-04-21 14:00:00,7081.47,7087.81,7081.47,7083.42
2026-04-21 14:05:00,7083.44,7086.4,7081.77,7082.04
2026-04-21 14:10:00,7082.03,7082.51,7078.59,7082.51
2026-04-21 14:15:00,7082.65,7085.44,7072.25,7074.91
2026-04-21 14:20:00,7074.83,7076.15,7072.18,7073.44
2026-04-21 14:25:00,7073.47,7075.76,7072.82,7074.45
2026-04-21 14:30:00,7074.36,7080.89,7074.36,7080.84
2026-04-21 14:35:00,7080.85,7080.99,7076.09,7077.71
2026-04-21 14:40:00,7077.69,7078.94,7076.61,7078.31
2026-04-21 14:45:00,7078.3,7078.71,7075.1,7075.26
2026-04-21 14:50:00,7075.29,7089.54,7073.85,7088.43
2026-04-21 14:55:00,7088.1,7091.13,7081.99,7087.39
2026-04-21 15:00:00,7087.28,7091.93,7087.28,7090.29
2026-04-21 15:05:00,7090.16,7092.17,7088.43,7090.61
2026-04-21 15:10:00,7090.67,7096.21,7087.16,7089.36
2026-04-21 15:15:00,7089.45,7092.37,7087.85,7090.58
2026-04-21 15:20:00,7090.55,7099.74,7090.55,7099.5
2026-04-21 15:25:00,7099.52,7101.35,7098.47,7101.1
2026-04-21 15:30:00,7101.08,7102.45,7095.65,7096.54
2026-04-21 15:35:00,7096.72,7096.72,7081.43,7085.59
2026-04-21 15:40:00,7085.63,7086.19,7050.2,7054.11
2026-04-21 15:45:00,7054.62,7067.21,7054.47,7063.33
2026-04-21 15:50:00,7063.48,7069.93,7057.55,7059.94
2026-04-21 15:55:00,7060.18,7066.58,7057.99,7064.31
2026-04-21 16:00:00,7064.44,7064.44,7064.0,7064.01
2026-04-21 16:05:00,7064.01,7064.01,7064.01,7064.01
2026-04-21 16:10:00,7064.01,7064.01,7064.01,7064.01
2026-04-21 16:15:00,7064.01,7064.01,7064.01,7064.01
2026-04-21 16:20:00,7064.01,7064.01,7064.01,7064.01
2026-04-21 16:45:00,7064.01,7064.01,7064.01,7064.01
2026-04-22 09:30:00,7102.91,7117.32,7102.91,7110.3
2026-04-22 09:35:00,7110.19,7113.66,7106.28,7112.32
2026-04-22 09:40:00,7112.49,7114.76,7109.88,7110.89
2026-04-22 09:45:00,7110.86,7118.41,7108.27,7109.59
2026-04-22 09:50:00,7109.63,7115.48,7106.39,7115.43
2026-04-22 09:55:00,7115.59,7117.3,7111.61,7117.3
2026-04-22 10:00:00,7117.51,7123.14,7117.37,7117.81
2026-04-22 10:05:00,7117.66,7121.61,7111.89,7119.33
2026-04-22 10:10:00,7119.28,7124.92,7119.28,7124.88
2026-04-22 10:15:00,7124.76,7127.56,7124.76,7126.68
2026-04-22 10:20:00,7126.95,7130.46,7126.04,7127.25
2026-04-22 10:25:00,7127.16,7130.05,7126.74,7129.04
2026-04-22 10:30:00,7129.12,7129.86,7120.88,7122.98
2026-04-22 10:35:00,7123.17,7129.77,7118.94,7129.42
2026-04-22 10:40:00,7129.43,7130.44,7120.04,7120.93
2026-04-22 10:45:00,7121.08,7126.83,7121.08,7126.04
2026-04-22 10:50:00,7125.93,7127.68,7119.14,7122.83
2026-04-22 10:55:00,7122.83,7124.53,7120.12,7124.48
2026-04-22 11:00:00,7124.42,7124.84,7117.13,7117.6
2026-04-22 11:05:00,7117.94,7125.98,7117.52,7123.34
2026-04-22 11:10:00,7123.06,7125.47,7121.65,7122.4
2026-04-22 11:15:00,7122.68,7123.49,7119.66,7123.3
2026-04-22 11:20:00,7123.35,7128.81,7122.96,7126.13
2026-04-22 11:25:00,7126.18,7128.28,7122.26,7126.72
2026-04-22 11:30:00,7126.51,7128.35,7124.25,7125.39
2026-04-22 11:35:00,7125.25,7125.8,7121.32,7122.45
2026-04-22 11:40:00,7122.41,7123.86,7116.51,7116.58
2026-04-22 11:45:00,7116.58,7123.19,7115.66,7122.12
2026-04-22 11:50:00,7122.03,7122.06,7118.82,7120.61
2026-04-22 11:55:00,7120.6,7124.49,7119.96,7120.41
2026-04-22 12:00:00,7120.51,7123.3,7118.14,7123.11
2026-04-22 12:05:00,7123.12,7124.97,7122.59,7123.99
2026-04-22 12:10:00,7124.0,7124.45,7120.34,7123.38
2026-04-22 12:15:00,7123.41,7124.54,7118.23,7118.24
2026-04-22 12:20:00,7118.21,7122.18,7118.18,7120.1
2026-04-22 12:25:00,7119.98,7120.01,7115.15,7115.47
2026-04-22 12:30:00,7115.51,7116.82,7112.59,7116.42
2026-04-22 12:35:00,7116.31,7119.56,7115.2,7119.22
2026-04-22 12:40:00,7119.11,7120.4,7113.8,7115.12
2026-04-22 12:45:00,7114.95,7118.05,7113.46,7117.94
2026-04-22 12:50:00,7117.9,7117.96,7113.99,7116.74
2026-04-22 12:55:00,7116.72,7116.79,7112.4,7113.0
2026-04-22 13:00:00,7112.97,7120.31,7112.97,7120.31
2026-04-22 13:05:00,7120.14,7121.59,7118.09,7121.59
2026-04-22 13:10:00,7121.64,7127.11,7121.52,7123.21
2026-04-22 13:15:00,7123.24,7124.71,7120.01,7120.94
2026-04-22 13:20:00,7120.87,7127.94,7120.87,7125.45
2026-04-22 13:25:00,7125.41,7126.33,7123.84,7124.17
2026-04-22 13:30:00,7124.11,7127.1,7124.0,7124.9
2026-04-22 13:35:00,7124.87,7125.77,7123.09,7124.3
2026-04-22 13:40:00,7124.28,7127.27,7124.28,7126.13
2026-04-22 13:45:00,7126.16,7126.98,7122.4,7125.96
2026-04-22 13:50:00,7126.06,7127.06,7124.58,7125.22
2026-04-22 13:55:00,7125.29,7125.83,7123.98,7123.98
2026-04-22 14:00:00,7124.0,7125.68,7122.96,7124.52
2026-04-22 14:05:00,7124.55,7125.75,7123.36,7123.41
2026-04-22 14:10:00,7123.39,7125.01,7122.93,7123.81
2026-04-22 14:15:00,7123.79,7123.79,7120.27,7120.95
2026-04-22 14:20:00,7120.83,7120.83,7116.38,7118.83
2026-04-22 14:25:00,7118.86,7120.17,7118.2,7118.56
2026-04-22 14:30:00,7118.55,7122.27,7117.98,7120.72
2026-04-22 14:35:00,7120.59,7123.03,7120.58,7122.93
2026-04-22 14:40:00,7122.91,7123.6,7122.41,7122.93
2026-04-22 14:45:00,7122.89,7124.15,7121.83,7123.65
2026-04-22 14:50:00,7123.56,7124.6,7122.59,7122.6
2026-04-22 14:55:00,7122.54,7122.76,7119.41,7120.59
2026-04-22 15:00:00,7120.7,7120.8,7116.24,7119.29
2026-04-22 15:05:00,7119.28,7123.21,7118.5,7123.14
2026-04-22 15:10:00,7123.11,7124.14,7122.01,7123.72
2026-04-22 15:15:00,7123.73,7127.68,7123.65,7127.66
2026-04-22 15:20:00,7127.61,7128.47,7126.22,7126.74
2026-04-22 15:25:00,7127.04,7129.84,7126.77,7128.93
2026-04-22 15:30:00,7128.84,7129.83,7125.99,7126.71
2026-04-22 15:35:00,7126.73,7128.92,7125.04,7128.06
2026-04-22 15:40:00,7128.1,7129.35,7127.56,7128.47
2026-04-22 15:45:00,7128.48,7130.74,7127.8,7130.74
2026-04-22 15:50:00,7130.89,7136.72,7128.89,7135.18
2026-04-22 15:55:00,7135.19,7138.64,7133.75,7137.12
2026-04-22 16:00:00,7136.99,7137.96,7136.99,7137.88
2026-04-22 16:05:00,7137.88,7137.9,7137.88,7137.9
2026-04-22 16:10:00,7137.9,7137.9,7137.9,7137.9
2026-04-22 16:15:00,7137.9,7137.9,7137.9,7137.9
2026-04-22 16:20:00,7137.9,7137.9,7137.9,7137.9
2026-04-22 16:35:00,7137.9,7137.9,7137.9,7137.9
2026-04-23 09:30:00,7118.8,7124.42,7116.12,7119.15
2026-04-23 09:35:00,7119.24,7128.09,7118.42,7127.38
2026-04-23 09:40:00,7127.32,7130.58,7124.59,7129.9
2026-04-23 09:45:00,7129.76,7136.84,7128.3,7133.76
2026-04-23 09:50:00,7133.87,7133.87,7126.54,7130.28
2026-04-23 09:55:00,7130.13,7130.13,7125.41,7125.77
2026-04-23 10:00:00,7126.05,7126.32,7115.89,7123.7
2026-04-23 10:05:00,7123.22,7126.74,7120.39,7126.17
2026-04-23 10:10:00,7126.32,7126.56,7123.24,7124.75
2026-04-23 10:15:00,7124.79,7130.46,7124.27,7124.81
2026-04-23 10:20:00,7124.98,7133.0,7124.61,7132.3
2026-04-23 10:25:00,7132.18,7132.88,7127.23,7128.74
2026-04-23 10:30:00,7128.83,7135.63,7128.83,7131.45
2026-04-23 10:35:00,7131.38,7134.32,7128.2,7130.36
2026-04-23 10:40:00,7130.5,7134.44,7128.59,7133.68
2026-04-23 10:45:00,7133.71,7136.63,7133.4,7135.12
2026-04-23 10:50:00,7134.89,7138.96,7133.73,7138.56
2026-04-23 10:55:00,7138.56,7144.59,7138.56,7141.65
2026-04-23 11:00:00,7141.47,7143.68,7140.52,7140.99
2026-04-23 11:05:00,7140.96,7141.87,7138.79,7141.72
2026-04-23 11:10:00,7141.68,7144.13,7140.82,7140.82
2026-04-23 11:15:00,7140.71,7146.09,7139.05,7145.15
2026-04-23 11:20:00,7145.11,7146.54,7143.0,7145.67
2026-04-23 11:25:00,7145.45,7147.08,7143.62,7143.62
2026-04-23 11:30:00,7143.61,7147.78,7141.98,7145.79
2026-04-23 11:35:00,7145.76,7145.76,7141.99,7142.32
2026-04-23 11:40:00,7142.35,7143.59,7139.25,7139.91
2026-04-23 11:45:00,7139.91,7140.05,7132.9,7136.11
2026-04-23 11:50:00,7136.09,7136.09,7130.9,7130.99
2026-04-23 11:55:00,7130.91,7138.19,7130.91,7135.36
2026-04-23 12:00:00,7135.42,7136.24,7127.89,7127.89
2026-04-23 12:05:00,7127.85,7130.38,7126.84,7128.38
2026-04-23 12:10:00,7128.43,7133.38,7128.39,7133.22
2026-04-23 12:15:00,7133.28,7134.63,7131.91,7133.2
2026-04-23 12:20:00,7133.2,7133.78,7128.44,7131.91
2026-04-23 12:25:00,7131.93,7133.85,7130.24,7130.95
2026-04-23 12:30:00,7131.03,7134.65,7130.22,7134.46
2026-04-23 12:35:00,7134.32,7136.01,7131.69,7131.84
2026-04-23 12:40:00,7131.85,7133.48,7131.33,7133.0
2026-04-23 12:45:00,7133.0,7135.28,7131.69,7132.72
2026-04-23 12:50:00,7132.82,7134.56,7131.58,7133.08
2026-04-23 12:55:00,7133.11,7135.76,7130.26,7132.35
2026-04-23 13:00:00,7132.39,7134.36,7114.49,7115.95
2026-04-23 13:05:00,7116.05,7116.2,7103.31,7103.52
2026-04-23 13:10:00,7103.28,7104.5,7097.4,7100.61
2026-04-23 13:15:00,7100.75,7100.75,7085.88,7088.32
2026-04-23 13:20:00,7088.43,7092.35,7083.67,7086.14
2026-04-23 13:25:00,7086.16,7096.53,7083.43,7084.35
2026-04-23 13:30:00,7084.17,7096.85,7082.07,7096.57
2026-04-23 13:35:00,7096.5,7099.69,7080.23,7080.75
2026-04-23 13:40:00,7081.39,7081.58,7057.09,7060.2
2026-04-23 13:45:00,7060.06,7063.99,7046.55,7058.08
2026-04-23 13:50:00,7058.02,7088.52,7052.28,7080.81
2026-04-23 13:55:00,7080.56,7092.61,7079.06,7090.54
2026-04-23 14:00:00,7090.57,7102.23,7087.07,7096.26
2026-04-23 14:05:00,7096.35,7102.8,7093.32,7097.59
2026-04-23 14:10:00,7097.61,7104.67,7096.24,7101.38
2026-04-23 14:15:00,7101.42,7106.14,7101.05,7105.14
2026-04-23 14:20:00,7105.28,7108.18,7101.61,7106.71
2026-04-23 14:25:00,7106.65,7109.47,7104.56,7109.07
2026-04-23 14:30:00,7109.07,7115.31,7108.91,7114.83
2026-04-23 14:35:00,7114.94,7118.47,7112.25,7112.91
2026-04-23 14:40:00,7113.01,7113.72,7105.47,7110.33
2026-04-23 14:45:00,7110.24,7110.29,7104.3,7104.69
2026-04-23 14:50:00,7104.34,7107.39,7100.9,7105.02
2026-04-23 14:55:00,7105.04,7105.58,7092.15,7094.77
2026-04-23 15:00:00,7094.78,7096.62,7091.76,7095.56
2026-04-23 15:05:00,7095.52,7104.26,7095.52,7103.11
2026-04-23 15:10:00,7102.77,7105.46,7100.76,7105.39
2026-04-23 15:15:00,7105.46,7109.81,7105.46,7108.35
2026-04-23 15:20:00,7108.26,7109.18,7106.01,7107.3
2026-04-23 15:25:00,7107.3,7109.48,7106.4,7107.82
2026-04-23 15:30:00,7107.92,7112.19,7102.95,7103.0
2026-04-23 15:35:00,7103.04,7103.04,7095.47,7098.87
2026-04-23 15:40:00,7098.9,7103.79,7096.87,7097.15
2026-04-23 15:45:00,7096.89,7102.73,7096.38,7102.68
2026-04-23 15:50:00,7102.81,7105.6,7090.38,7104.13
2026-04-23 15:55:00,7104.34,7112.14,7102.59,7108.04
2026-04-23 16:00:00,7108.88,7108.88,7108.3,7108.4
2026-04-23 16:05:00,7108.4,7108.4,7108.4,7108.4
2026-04-23 16:10:00,7108.4,7108.4,7108.4,7108.4
2026-04-23 16:15:00,7108.4,7108.4,7108.4,7108.4
2026-04-23 16:20:00,7108.4,7108.4,7108.4,7108.4
2026-04-23 16:40:00,7108.4,7108.4,7108.4,7108.4
2026-04-24 09:30:00,7136.48,7137.12,7122.43,7122.78
2026-04-24 09:35:00,7122.5,7128.5,7117.82,7126.32
2026-04-24 09:40:00,7126.39,7128.77,7122.15,7123.7
2026-04-24 09:45:00,7123.89,7127.46,7121.15,7126.99
2026-04-24 09:50:00,7127.3,7128.71,7117.07,7117.59
2026-04-24 09:55:00,7118.07,7123.73,7112.82,7123.45
2026-04-24 10:00:00,7123.25,7124.09,7114.61,7119.5
2026-04-24 10:05:00,7119.86,7126.41,7117.06,7123.9
2026-04-24 10:10:00,7123.9,7129.99,7121.15,7124.06
2026-04-24 10:15:00,7123.98,7129.16,7122.33,7127.72
2026-04-24 10:20:00,7127.62,7130.05,7123.76,7127.67
2026-04-24 10:25:00,7127.4,7127.4,7118.28,7121.08
2026-04-24 10:30:00,7121.5,7125.58,7118.27,7124.28
2026-04-24 10:35:00,7124.24,7131.79,7122.5,7129.52
2026-04-24 10:40:00,7129.57,7133.96,7129.15,7133.54
2026-04-24 10:45:00,7133.59,7137.97,7130.94,7135.58
2026-04-24 10:50:00,7135.25,7136.65,7132.89,7134.85
2026-04-24 10:55:00,7134.78,7139.65,7134.78,7138.05
2026-04-24 11:00:00,7137.91,7140.39,7136.81,7138.64
2026-04-24 11:05:00,7138.78,7139.77,7135.82,7139.17
2026-04-24 11:10:00,7139.08,7142.14,7139.08,7141.01
2026-04-24 11:15:00,7141.22,7141.97,7139.19,7140.14
2026-04-24 11:20:00,7140.17,7145.17,7138.82,7144.47
2026-04-24 11:25:00,7144.23,7144.23,7140.2,7142.31
2026-04-24 11:30:00,7142.56,7145.55,7141.83,7143.31
2026-04-24 11:35:00,7143.32,7144.27,7139.71,7140.7
2026-04-24 11:40:00,7140.75,7157.91,7140.27,7156.18
2026-04-24 11:45:00,7157.05,7163.73,7151.29,7156.75
2026-04-24 11:50:00,7156.67,7164.12,7156.67,7163.19
2026-04-24 11:55:00,7163.44,7164.45,7160.09,7161.9
2026-04-24 12:00:00,7161.87,7162.79,7158.72,7162.14
2026-04-24 12:05:00,7162.17,7163.43,7154.59,7156.04
2026-04-24 12:10:00,7156.12,7161.54,7155.55,7157.72
2026-04-24 12:15:00,7157.68,7157.86,7154.25,7156.78
2026-04-24 12:20:00,7157.07,7158.97,7156.45,7158.24
2026-04-24 12:25:00,7158.28,7159.9,7155.8,7156.57
2026-04-24 12:30:00,7156.47,7162.46,7156.47,7160.76
2026-04-24 12:35:00,7160.78,7161.12,7157.64,7158.2
2026-04-24 12:40:00,7158.33,7158.58,7152.36,7154.83
2026-04-24 12:45:00,7154.94,7157.27,7154.13,7155.97
2026-04-24 12:50:00,7155.8,7159.41,7155.8,7157.96
2026-04-24 12:55:00,7157.89,7160.98,7157.41,7159.93
2026-04-24 13:00:00,7159.87,7161.66,7159.16,7159.76
2026-04-24 13:05:00,7159.63,7160.23,7157.08,7157.55
2026-04-24 13:10:00,7157.59,7159.77,7156.66,7157.54
2026-04-24 13:15:00,7157.54,7157.72,7154.66,7154.78
2026-04-24 13:20:00,7154.87,7155.34,7150.38,7154.98
2026-04-24 13:25:00,7155.09,7156.6,7153.88,7153.88
2026-04-24 13:30:00,7153.84,7155.15,7151.47,7154.63
2026-04-24 13:35:00,7154.59,7159.09,7154.13,7155.68
2026-04-24 13:40:00,7155.74,7159.38,7155.7,7159.27
2026-04-24 13:45:00,7159.22,7160.01,7158.02,7158.35
2026-04-24 13:50:00,7158.22,7167.23,7157.8,7163.02
2026-04-24 13:55:00,7162.89,7163.87,7160.2,7160.58
2026-04-24 14:00:00,7160.58,7161.48,7158.61,7159.61
2026-04-24 14:05:00,7159.58,7161.24,7156.68,7160.52
2026-04-24 14:10:00,7160.58,7161.12,7157.61,7158.64
2026-04-24 14:15:00,7158.7,7159.49,7154.51,7156.16
2026-04-24 14:20:00,7156.22,7156.22,7153.52,7156.01
2026-04-24 14:25:00,7155.98,7158.01,7153.75,7153.95
2026-04-24 14:30:00,7153.88,7158.43,7153.62,7158.25
2026-04-24 14:35:00,7158.17,7159.5,7157.16,7158.5
2026-04-24 14:40:00,7158.8,7160.11,7156.24,7157.34
2026-04-24 14:45:00,7157.41,7158.37,7155.31,7156.63
2026-04-24 14:50:00,7156.64,7158.88,7155.67,7157.21
2026-04-24 14:55:00,7157.16,7159.77,7156.75,7159.61
2026-04-24 15:00:00,7159.58,7162.2,7159.58,7161.09
2026-04-24 15:05:00,7161.05,7165.33,7160.67,7165.07
2026-04-24 15:10:00,7165.07,7167.53,7164.89,7166.49
2026-04-24 15:15:00,7166.34,7168.59,7165.72,7166.64
2026-04-24 15:20:00,7166.56,7166.59,7161.71,7162.09
2026-04-24 15:25:00,7162.08,7162.57,7159.5,7161.68
2026-04-24 15:30:00,7161.52,7162.15,7158.54,7160.76
2026-04-24 15:35:00,7160.71,7160.71,7158.38,7160.4
2026-04-24 15:40:00,7160.2,7163.11,7159.98,7161.64
2026-04-24 15:45:00,7161.56,7161.88,7159.0,7161.88
2026-04-24 15:50:00,7161.94,7164.96,7159.21,7164.96
2026-04-24 15:55:00,7164.8,7167.66,7162.93,7164.29
2026-04-24 16:00:00,7163.69,7165.08,7163.69,7165.08
2026-04-24 16:05:00,7165.08,7165.08,7165.08,7165.08
2026-04-24 16:10:00,7165.08,7165.08,7165.08,7165.08
2026-04-24 16:15:00,7165.08,7165.08,7165.08,7165.08
2026-04-24 16:20:00,7165.08,7165.08,7165.08,7165.08
2026-04-24 16:35:00,7165.08,7165.08,7165.08,7165.08
2026-04-27 09:30:00,7152.72,7165.63,7151.84,7160.86
2026-04-27 09:35:00,7160.44,7166.96,7159.78,7166.75
2026-04-27 09:40:00,7166.93,7167.7,7160.05,7160.25
2026-04-27 09:45:00,7160.39,7161.0,7149.95,7150.73
2026-04-27 09:50:00,7150.85,7164.46,7148.42,7164.46
2026-04-27 09:55:00,7164.14,7166.71,7162.62,7164.93
2026-04-27 10:00:00,7163.87,7165.81,7160.87,7162.55
2026-04-27 10:05:00,7162.34,7165.43,7160.72,7160.72
2026-04-27 10:10:00,7160.8,7164.16,7157.8,7162.18
2026-04-27 10:15:00,7162.18,7162.51,7157.12,7157.65
2026-04-27 10:20:00,7157.41,7160.23,7156.51,7159.94
2026-04-27 10:25:00,7159.93,7161.66,7157.55,7157.55
2026-04-27 10:30:00,7157.36,7157.68,7153.74,7157.51
2026-04-27 10:35:00,7157.66,7166.97,7157.11,7163.23
2026-04-27 10:40:00,7163.44,7164.46,7159.17,7163.49
2026-04-27 10:45:00,7163.59,7163.95,7158.99,7161.07
2026-04-27 10:50:00,7160.89,7162.73,7156.81,7158.97
2026-04-27 10:55:00,7159.27,7160.85,7157.02,7159.97
2026-04-27 11:00:00,7160.14,7161.44,7152.3,7152.32
2026-04-27 11:05:00,7152.44,7155.61,7151.17,7153.86
2026-04-27 11:10:00,7153.97,7155.29,7151.79,7152.16
2026-04-27 11:15:00,7152.28,7155.55,7150.74,7151.49
2026-04-27 11:20:00,7151.51,7152.65,7146.72,7148.54
2026-04-27 11:25:00,7148.43,7153.26,7147.36,7152.96
2026-04-27 11:30:00,7153.02,7155.37,7151.13,7153.15
2026-04-27 11:35:00,7153.21,7154.31,7151.87,7153.94
2026-04-27 11:40:00,7153.83,7157.12,7152.87,7155.96
2026-04-27 11:45:00,7155.97,7157.65,7154.41,7154.44
2026-04-27 11:50:00,7154.39,7156.06,7153.85,7155.38
2026-04-27 11:55:00,7155.45,7157.96,7154.92,7157.14
2026-04-27 12:00:00,7157.78,7159.4,7155.39,7158.77
2026-04-27 12:05:00,7158.66,7162.0,7158.66,7160.9
2026-04-27 12:10:00,7160.97,7163.62,7160.44,7163.09
2026-04-27 12:15:00,7163.11,7164.68,7162.85,7163.96
2026-04-27 12:20:00,7163.92,7164.13,7160.72,7161.53
2026-04-27 12:25:00,7161.59,7163.85,7161.59,7162.42
2026-04-27 12:30:00,7162.5,7165.79,7162.5,7165.21
2026-04-27 12:35:00,7165.26,7167.51,7164.85,7166.94
2026-04-27 12:40:00,7167.04,7167.16,7164.78,7165.14
2026-04-27 12:45:00,7165.14,7167.02,7164.65,7166.38
2026-04-27 12:50:00,7166.17,7166.17,7164.04,7164.37
2026-04-27 12:55:00,7164.38,7165.42,7162.13,7165.33
2026-04-27 13:00:00,7165.39,7167.62,7165.39,7166.24
2026-04-27 13:05:00,7166.19,7166.65,7164.67,7165.97
2026-04-27 13:10:00,7165.99,7167.47,7164.52,7167.47
2026-04-27 13:15:00,7167.47,7167.93,7162.68,7165.03
2026-04-27 13:20:00,7165.12,7170.03,7164.13,7167.56
2026-04-27 13:25:00,7167.57,7170.34,7167.19,7169.81
2026-04-27 13:30:00,7169.67,7175.76,7169.39,7175.76
2026-04-27 13:35:00,7175.77,7175.84,7170.84,7170.93
2026-04-27 13:40:00,7171.02,7172.36,7170.52,7171.9
2026-04-27 13:45:00,7172.09,7173.17,7171.24,7172.86
2026-04-27 13:50:00,7172.77,7174.06,7170.12,7171.07
2026-04-27 13:55:00,7171.04,7172.87,7170.71,7172.61
2026-04-27 14:00:00,7172.49,7173.86,7171.13,7172.74
2026-04-27 14:05:00,7172.79,7174.09,7172.01,7173.33
2026-04-27 14:10:00,7173.33,7174.8,7172.82,7174.54
2026-04-27 14:15:00,7174.33,7176.12,7173.82,7175.61
2026-04-27 14:20:00,7175.63,7175.7,7174.31,7175.01
2026-04-27 14:25:00,7174.99,7175.46,7173.5,7174.62
2026-04-27 14:30:00,7174.62,7175.92,7174.11,7174.91
2026-04-27 14:35:00,7174.93,7175.66,7174.26,7175.24
2026-04-27 14:40:00,7175.21,7175.59,7172.39,7172.72
2026-04-27 14:45:00,7172.74,7173.93,7170.7,7173.83
2026-04-27 14:50:00,7173.75,7175.01,7172.09,7172.54
2026-04-27 14:55:00,7172.35,7174.29,7172.26,7172.26
2026-04-27 15:00:00,7172.1,7174.52,7171.83,7173.15
2026-04-27 15:05:00,7173.1,7173.43,7170.61,7171.92
2026-04-27 15:10:00,7171.9,7173.86,7170.8,7173.31
2026-04-27 15:15:00,7173.3,7175.72,7173.17,7175.48
2026-04-27 15:20:00,7175.13,7175.66,7173.73,7174.87
2026-04-27 15:25:00,7174.85,7175.78,7174.13,7174.79
2026-04-27 15:30:00,7174.86,7176.28,7174.01,7174.44
2026-04-27 15:35:00,7174.64,7176.08,7172.28,7174.82
2026-04-27 15:40:00,7174.83,7175.69,7173.63,7175.08
2026-04-27 15:45:00,7175.08,7178.52,7174.89,7178.49
2026-04-27 15:50:00,7178.54,7178.74,7174.93,7174.93
2026-04-27 15:55:00,7175.04,7176.38,7173.32,7174.01
2026-04-27 16:00:00,7174.58,7174.58,7173.91,7173.91
2026-04-27 16:05:00,7173.91,7173.91,7173.91,7173.91
2026-04-27 16:10:00,7173.91,7173.91,7173.91,7173.91
2026-04-27 16:15:00,7173.91,7173.91,7173.91,7173.91
2026-04-27 16:20:00,7173.91,7173.91,7173.91,7173.91
2026-04-27 16:30:00,7173.91,7173.91,7173.91,7173.91
